city,lat_lngs,lat,long,temp,max_temp,humidity,wind_speed,clouds
chokurdakh,"(85.42215126291109, 151.4609073078435)",85.42215126291109,151.4609073078435,52.33,52.33,83,8.66,0
saskylakh,"(75.51116616852792, 113.28174418310283)",75.51116616852792,113.28174418310283,65.38,65.38,100,4.63,56
yagodnoye,"(62.72766031540087, 149.94810241572702)",62.72766031540087,149.94810241572702,68.35,68.35,32,2.95,92
lavrentiya,"(66.83491701038781, -172.3799243808506)",66.83491701038781,-172.3799243808506,39.37,39.37,92,8.43,68
kwinana,"(-31.678497848861994, 114.23368299208227)",-31.678497848861994,114.23368299208227,56.14,59,93,4.7,0
rikitea,"(-16.432276030091487, -124.13366495313522)",-16.432276030091487,-124.13366495313522,76.54,76.54,100,12.68,12
mataura,"(-38.99598728243633, -149.4057137235656)",-38.99598728243633,-149.4057137235656,45.58,45.58,76,15.26,0
khatanga,"(76.47098761254401, 95.57426735473666)",76.47098761254401,95.57426735473666,53.86,53.86,86,11.01,68
valavanur,"(11.853334322119181, 79.58710697046564)",11.853334322119181,79.58710697046564,81.22,81.22,94,10.56,92
vila franca do campo,"(30.494580438019383, -25.434961787550634)",30.494580438019383,-25.434961787550634,59.94,62.6,82,4.7,0
port alfred,"(-73.59095144799805, 42.46235263562417)",-73.59095144799805,42.46235263562417,59.38,64.4,76,2.24,0
kapaa,"(39.31706408379043, -169.15846950108175)",39.31706408379043,-169.15846950108175,84.2,84.2,66,20.8,20
oistins,"(12.644408261393934, -59.53099303040733)",12.644408261393934,-59.53099303040733,84.2,84.2,66,21.92,20
shakawe,"(-17.888067674027866, 21.937739928809293)",-17.888067674027866,21.937739928809293,48.37,48.37,53,5.97,0
avarua,"(-63.84089150312566, -165.209068081619)",-63.84089150312566,-165.209068081619,84.2,84.2,74,5.82,40
longyearbyen,"(79.08635097148533, 17.936366371698256)",79.08635097148533,17.936366371698256,48.2,48.2,42,12.75,0
east london,"(-50.88434823619042, 39.47368680027594)",-50.88434823619042,39.47368680027594,64.21,64.21,99,3.4,88
lebu,"(-37.03821222293964, -77.94063156985239)",-37.03821222293964,-77.94063156985239,51.97,51.97,71,2.39,64
jamestown,"(-32.64441456727134, -4.7162444458236905)",-32.64441456727134,-4.7162444458236905,56.29,56.29,48,6.2,0
chadiza,"(-15.260772698083215, 32.43057423601965)",-15.260772698083215,32.43057423601965,53.14,53.14,94,5.64,0
aswan,"(22.335259937730214, 33.36534392797057)",22.335259937730214,33.36534392797057,84.55,84.55,34,11.23,0
atuona,"(1.8514418931074204, -142.956684550953)",1.8514418931074204,-142.956684550953,80.59,80.59,100,17.72,0
kargasok,"(60.344465284654916, 81.66386930321733)",60.344465284654916,81.66386930321733,67.99,67.99,62,3.4,0
castro,"(-45.99964758987004, -103.53568280839289)",-45.99964758987004,-103.53568280839289,28.39,28.39,100,2.95,56
gamba,"(-4.705566971617159, 8.255168534061937)",-4.705566971617159,8.255168534061937,34.42,34.42,93,1.05,80
yellowknife,"(74.98609486271755, -107.34614641876604)",74.98609486271755,-107.34614641876604,66.2,66.2,82,10.29,75
pindwara,"(24.595290717798107, 73.106997692813)",24.595290717798107,73.106997692813,83.11,83.11,75,3.96,36
cervantes,"(17.113996752107255, 120.68831488920921)",17.113996752107255,120.68831488920921,75.46,75.46,100,2.62,24
hobart,"(-70.8463809240771, 151.97918038134384)",-70.8463809240771,151.97918038134384,50,50,61,11.41,40
dalnerechensk,"(46.53082506300905, 133.61804492939405)",46.53082506300905,133.61804492939405,65.02,65.02,65,4.18,80
torbay,"(35.48340608181779, -43.81968385867282)",35.48340608181779,-43.81968385867282,55.4,55.4,47,33.33,75
thompson,"(59.77863480236414, -91.15623833249536)",59.77863480236414,-91.15623833249536,73.4,73.4,23,9.17,20
nikolskoye,"(33.79372138343868, 171.9993374627001)",33.79372138343868,171.9993374627001,60.8,60.8,59,4.47,0
tuatapere,"(-49.82877826613569, 160.24447058115817)",-49.82877826613569,160.24447058115817,44.14,44.14,100,16.49,32
middleton,"(44.69519058966816, -64.8605091014431)",44.69519058966816,-64.8605091014431,62.6,62.6,67,4.7,75
new norfolk,"(-85.44772872952888, 126.09280044310657)",-85.44772872952888,126.09280044310657,76.05,77,69,4.41,1
tecpan,"(15.330145184911004, -101.7969046803564)",15.330145184911004,-101.7969046803564,64.4,64.4,88,2.28,75
corrales,"(-16.099007292544684, -72.47021508585232)",-16.099007292544684,-72.47021508585232,48.82,48.82,93,1.05,36
talgar,"(42.68896023530712, 77.25859069573733)",42.68896023530712,77.25859069573733,71.6,71.6,56,2.24,40
provideniya,"(49.220237277004884, -173.22081432759416)",49.220237277004884,-173.22081432759416,40.72,40.72,100,11.45,88
myanaung,"(18.351462344345364, 95.04855703085599)",18.351462344345364,95.04855703085599,77.62,77.62,100,6.87,88
cherskiy,"(81.85871868275174, 163.49708498994)",81.85871868275174,163.49708498994,60.16,60.16,44,5.3,80
kodiak,"(53.7468990737795, -155.14538813118008)",53.7468990737795,-155.14538813118008,80.6,80.6,65,6.93,1
naze,"(28.900466130865922, 130.61313096104806)",28.900466130865922,130.61313096104806,71.14,71.14,99,2.39,92
altamira,"(-4.225581875650661, -52.46896223836231)",-4.225581875650661,-52.46896223836231,75.2,75.2,94,3.85,0
ushuaia,"(-77.15326147250869, -29.724242931822715)",-77.15326147250869,-29.724242931822715,28.4,28.4,86,5.82,75
kahului,"(23.135635385266042, -153.574410733424)",23.135635385266042,-153.574410733424,82.31,84.2,62,29.97,40
albany,"(-64.39034111263587, 110.49264242495616)",-64.39034111263587,110.49264242495616,58.26,60.8,82,2.39,90
cape town,"(-62.54670775191725, -15.384024604655508)",-62.54670775191725,-15.384024604655508,58.08,59,82,5.82,0
corinth,"(34.83117027223666, -88.1963157235689)",34.83117027223666,-88.1963157235689,69.8,69.8,73,9.17,20
butaritari,"(6.315170099132203, 176.53949387992918)",6.315170099132203,176.53949387992918,84.46,84.46,100,3.51,44
severo-kurilsk,"(30.467183362097302, 165.92494483980516)",30.467183362097302,165.92494483980516,46.03,46.03,91,14.03,68
sorong,"(2.696594160454211, 131.20912917260006)",2.696594160454211,131.20912917260006,81.94,81.94,100,4.63,8
kruisfontein,"(-74.92434404209824, 27.23976801563515)",-74.92434404209824,27.23976801563515,61.24,61.24,84,22.19,36
nanortalik,"(56.817390774573084, -47.285665388006265)",56.817390774573084,-47.285665388006265,35.59,35.59,100,8.1,88
kostomuksha,"(64.72312490355029, 30.482401275916345)",64.72312490355029,30.482401275916345,53.32,53.32,75,6.64,44
busselton,"(-59.00366246618866, 90.95659314822962)",-59.00366246618866,90.95659314822962,60.07,60.07,100,7.54,0
sambava,"(-13.242920052948904, 54.36553061350841)",-13.242920052948904,54.36553061350841,74.02,74.02,100,19.17,88
miri,"(7.079640900867048, 110.71510198816895)",7.079640900867048,110.71510198816895,63.04,63.04,98,3.18,32
pisco,"(-21.624696803806728, -87.55526928286329)",-21.624696803806728,-87.55526928286329,62.6,62.6,88,11.41,90
cap malheureux,"(-12.858656886645079, 58.81351324399208)",-12.858656886645079,58.81351324399208,52.61,55.4,66,3.36,0
kavali,"(14.796782266667606, 79.73220462361303)",14.796782266667606,79.73220462361303,84.01,84.01,66,13.91,80
adrar,"(25.540965265429563, 3.9048860941423413)",25.540965265429563,3.9048860941423413,84.2,84.2,18,9.17,0
punta arenas,"(-84.76987369570742, -100.11993684711798)",-84.76987369570742,-100.11993684711798,85,85,86,3.29,44
iqaluit,"(57.32893326088541, -68.08951881331953)",57.32893326088541,-68.08951881331953,42.8,42.8,70,14.99,75
bluff,"(-69.11675264459582, 164.43035731842366)",-69.11675264459582,164.43035731842366,73.84,73.84,32,8.55,20
georgetown,"(-13.177575606289466, -18.209587420057744)",-13.177575606289466,-18.209587420057744,77,77,94,4.7,40
uyuni,"(-21.032273814894353, -68.12540773686705)",-21.032273814894353,-68.12540773686705,23.17,23.17,61,3.18,0
dongobesh,"(-4.143608577432516, 35.02322945521141)",-4.143608577432516,35.02322945521141,46.66,46.66,96,2.73,8
xinyu,"(27.918783459323606, 115.52515764659194)",27.918783459323606,115.52515764659194,89.41,89.41,74,9.66,36
aksarka,"(73.30979590389785, 68.41376236164464)",73.30979590389785,68.41376236164464,55.12,55.12,69,19.73,0
bridgewater,"(44.59497714042109, -64.51291169667712)",44.59497714042109,-64.51291169667712,59.9,62.6,100,4.7,90
tuktoyaktuk,"(84.03551614390346, -133.16479559230643)",84.03551614390346,-133.16479559230643,35.6,35.6,93,14.99,90
lingao,"(19.935778708441447, 109.47808639878355)",19.935778708441447,109.47808639878355,87.52,87.52,88,4.29,32
matay,"(27.47181030966418, 29.449853431176138)",27.47181030966418,29.449853431176138,76.54,76.54,45,10.11,0
sitka,"(51.70961937629485, -137.16504496044735)",51.70961937629485,-137.16504496044735,77.08,77.08,73,11.56,0
sorland,"(71.90610292589338, 9.619531105469662)",71.90610292589338,9.619531105469662,47.29,47.29,100,16.26,8
labuhan,"(-22.40717695354043, 91.53396529792758)",-22.40717695354043,91.53396529792758,81.94,81.94,77,4.18,56
ribeira grande,"(26.900075251215227, -39.09879651997824)",26.900075251215227,-39.09879651997824,74.55,75.2,88,4.7,0
qaanaaq,"(84.88983039970074, -74.82484168931899)",84.88983039970074,-74.82484168931899,32.62,32.62,93,4.29,56
hithadhoo,"(-18.815484651540146, 78.79508510972431)",-18.815484651540146,78.79508510972431,81.67,81.67,100,5.86,64
pasighat,"(30.07874209341442, 96.03562457958117)",30.07874209341442,96.03562457958117,74.92,74.92,89,0.38,48
bom jesus,"(-9.855162433587907, -44.22488616803918)",-9.855162433587907,-44.22488616803918,71.86,71.86,91,5.19,8
meulaboh,"(1.8284098960363622, 92.1686451358288)",1.8284098960363622,92.1686451358288,81.04,81.04,100,2.73,64
aquiraz,"(-0.17084202288691586, -35.39681486028576)",-0.17084202288691586,-35.39681486028576,80.6,80.6,69,13.87,20
caravelas,"(-17.96149126634033, -38.23987765628084)",-17.96149126634033,-38.23987765628084,76.36,76.36,100,11.23,8
banyo,"(6.768972997151536, 11.37325086128476)",6.768972997151536,11.37325086128476,55.66,55.66,90,0.38,8
katobu,"(-5.031580858034516, 122.81033493350117)",-5.031580858034516,122.81033493350117,74.11,74.11,100,1.39,92
lamak,"(10.411456816092354, 124.7457723724246)",10.411456816092354,124.7457723724246,83.02,83.02,100,3.96,64
huanren,"(41.76757119925847, 125.40742059795514)",41.76757119925847,125.40742059795514,78.43,78.43,74,2.95,0
mar del plata,"(-41.02978444770985, -51.78753154984844)",-41.02978444770985,-51.78753154984844,49.81,49.81,60,1.95,20
eyl,"(4.231426938226775, 54.561907569992)",4.231426938226775,54.561907569992,79.87,79.87,77,23.87,32
pevek,"(78.98864765866617, 171.46776031224198)",78.98864765866617,171.46776031224198,45.04,45.04,67,10.56,12
port elizabeth,"(-59.26822810077054, 28.63787867024496)",-59.26822810077054,28.63787867024496,59.38,64.4,76,2.24,0
mount gambier,"(-45.939176460590396, 132.4429931552266)",-45.939176460590396,132.4429931552266,49.93,51.8,81,8.05,0
lincoln,"(-36.11734018679739, -62.24176721540161)",-36.11734018679739,-62.24176721540161,50.2,51.8,87,3.36,12
pizarro,"(2.9725913698264606, -80.14880245411337)",2.9725913698264606,-80.14880245411337,75.37,75.37,100,3.18,88
jalu,"(23.772289489860384, 23.849291049806737)",23.772289489860384,23.849291049806737,77.44,77.44,43,5.41,0
rosario,"(-32.547926973962504, -61.62533673173594)",-32.547926973962504,-61.62533673173594,43.15,43.15,45,13.69,0
huntsville,"(30.59653037791898, -95.89857788757418)",30.59653037791898,-95.89857788757418,75.97,78.8,88,1.61,75
mahebourg,"(-32.804079160809984, 68.2489105547694)",-32.804079160809984,68.2489105547694,71.6,71.6,68,8.05,75
araouane,"(19.79550345953335, -7.753997196982027)",19.79550345953335,-7.753997196982027,81.67,81.67,24,2.73,36
puerto ayora,"(-0.8571502702778133, -104.83538353935167)",-0.8571502702778133,-104.83538353935167,82.12,82.12,83,3.85,8
bongor,"(10.272089030349079, 15.483107640155396)",10.272089030349079,15.483107640155396,73.93,73.93,86,7.99,64
puerto leguizamo,"(-0.7967333107364993, -73.46474887807393)",-0.7967333107364993,-73.46474887807393,82.12,82.12,83,3.85,8
campbell river,"(51.60042296108696, -125.71698662234311)",51.60042296108696,-125.71698662234311,80.98,98.6,77,9.17,1
bollnas,"(61.22951964820882, 16.55129533058897)",61.22951964820882,16.55129533058897,51.34,51.34,72,4.74,0
ipixuna,"(-7.683891763654657, -71.57885239334004)",-7.683891763654657,-71.57885239334004,78.8,78.8,78,9.17,0
saint-philippe,"(-50.583828310763685, 68.78012845462118)",-50.583828310763685,68.78012845462118,60.35,60.8,82,6.31,90
voh,"(-22.161227038677694, 163.6869126914279)",-22.161227038677694,163.6869126914279,71.86,71.86,99,15.59,0
abha,"(21.08807636503758, 43.19761265328603)",21.08807636503758,43.19761265328603,68.86,69.8,21,2.28,0
thinadhoo,"(0.5311406975724537, 68.12662456614103)",0.5311406975724537,68.12662456614103,82.93,82.93,100,6.53,0
cabo san lucas,"(13.150578831812993, -116.95602860013052)",13.150578831812993,-116.95602860013052,80.35,84.2,88,5.82,75
acapulco,"(3.2288719683340616, -104.61336263963945)",3.2288719683340616,-104.61336263963945,73.4,73.4,100,10.29,90
touros,"(-1.2684841411670504, -32.68699814794505)",-1.2684841411670504,-32.68699814794505,74.29,74.29,99,11.34,88
souillac,"(-57.145790848062326, 75.43118127360981)",-57.145790848062326,75.43118127360981,59.81,60.8,59,6.93,0
faanui,"(-4.803569515902282, -150.0527245911535)",-4.803569515902282,-150.0527245911535,80.59,80.59,100,13.58,8
vaini,"(-40.35153642747836, -176.85407607844041)",-40.35153642747836,-176.85407607844041,68.8,68.8,100,3.62,100
dolneni,"(41.402479003790916, 21.44198142288161)",41.402479003790916,21.44198142288161,51.8,51.8,76,2.24,40
bowen,"(-17.739084029677628, 151.86703100794654)",-17.739084029677628,151.86703100794654,75.2,75.2,60,18.34,40
raglan,"(-37.87870698027633, 174.67573783978776)",-37.87870698027633,174.67573783978776,57.82,57.82,95,21.3,56
bethel,"(44.81029423844453, -164.982882649489)",44.81029423844453,-164.982882649489,53.6,53.6,58,4.7,90
mys shmidta,"(85.12825319248665, -178.05843788233)",85.12825319248665,-178.05843788233,68.17,68.17,78,3.62,12
poum,"(-21.210964701509795, 162.756691343319)",-21.210964701509795,162.756691343319,42.61,42.61,98,1.61,48
kaeo,"(-27.929285560561112, 177.10973376687195)",-27.929285560561112,177.10973376687195,58.09,58.09,76,15.03,24
chuy,"(-47.044370861567714, -36.47911146501926)",-47.044370861567714,-36.47911146501926,48.19,48.19,96,16.93,0
coracora,"(-15.382390692307283, -73.83521079923727)",-15.382390692307283,-73.83521079923727,22.36,22.36,67,2.95,0
solnechnyy,"(58.5359627499646, 137.04252592487342)",58.5359627499646,137.04252592487342,52.51,52.51,85,7.43,68
kwakoa,"(-3.7477782472966794, 37.96908586413855)",-3.7477782472966794,37.96908586413855,57.64,57.64,94,3.18,68
mareeba,"(-16.865319527691923, 142.4949433817202)",-16.865319527691923,142.4949433817202,71.6,71.6,88,12.75,75
pringsewu,"(-9.61087725500019, 100.74126174257725)",-9.61087725500019,100.74126174257725,74.74,74.74,98,2.39,76
bredasdorp,"(-65.2003519769347, 25.647039136895955)",-65.2003519769347,25.647039136895955,57.2,57.2,71,8.05,92
ostrovnoy,"(70.23234762107168, 40.11848432311632)",70.23234762107168,40.11848432311632,56.83,56.83,67,17.49,0
kaitangata,"(-67.78803252703935, 177.14598456443372)",-67.78803252703935,177.14598456443372,46.57,46.57,67,19.06,0
port lincoln,"(-41.969403107522766, 134.71256822727707)",-41.969403107522766,134.71256822727707,59.38,64.4,76,2.24,0
victoria,"(-9.963491676072081, 62.161010733351674)",-9.963491676072081,62.161010733351674,81.19,82.4,83,4.7,75
kyzyl-suu,"(41.37754201002073, 78.1038168376283)",41.37754201002073,78.1038168376283,61.42,61.42,88,2.39,36
yangliuqing,"(39.17438399927343, 116.840363679137)",39.17438399927343,116.840363679137,86,86,48,11.18,0
kuryk,"(42.84913908288891, 50.88130200898263)",42.84913908288891,50.88130200898263,73.21,73.21,47,5.41,0
mamlyutka,"(55.29967892253683, 68.4424319692063)",55.29967892253683,68.4424319692063,57.2,57.2,93,8.95,75
aklavik,"(71.89848719766562, -137.3491841779174)",71.89848719766562,-137.3491841779174,42.8,42.8,75,16.11,90
tura,"(66.62549050651049, 102.9851377357133)",66.62549050651049,102.9851377357133,79.42,79.42,97,3.62,64
hamilton,"(32.042567802951396, -64.94997494172858)",32.042567802951396,-64.94997494172858,63.34,64.4,100,6.93,90
ahipara,"(-33.916640753595274, 167.78528890826055)",-33.916640753595274,167.78528890826055,57.19,57.19,93,16.49,76
grand river south east,"(-25.16493228718832, 75.90921899888448)",-25.16493228718832,75.90921899888448,51.82,53.6,81,2.24,0
komsomolskiy,"(75.11560591806213, 174.90899669664736)",75.11560591806213,174.90899669664736,55.66,55.66,72,11.34,0
barrow,"(72.81735105258673, -164.79392875472803)",72.81735105258673,-164.79392875472803,38.38,38.38,40,17.16,0
lazaro cardenas,"(3.6010479012724517, -110.00159665662436)",3.6010479012724517,-110.00159665662436,98.6,98.6,35,10.29,5
shahdadkot,"(27.70359078928597, 67.72026649340958)",27.70359078928597,67.72026649340958,89.32,89.32,51,3.4,0
talnakh,"(74.32011997546178, 91.52805864073451)",74.32011997546178,91.52805864073451,62.68,62.68,61,5.19,0
yulara,"(-21.30286975179861, 129.08548511616874)",-21.30286975179861,129.08548511616874,57.2,57.2,35,10.29,0
macklin,"(51.9156880234606, -109.97566848305036)",51.9156880234606,-109.97566848305036,72.04,72.04,61,6.2,36
tocopilla,"(-22.43594691254161, -70.7149180834264)",-22.43594691254161,-70.7149180834264,55.84,55.84,100,3.51,36
pleasanton,"(29.023624611597953, -98.57468052620968)",29.023624611597953,-98.57468052620968,91.09,102.2,18,12.75,1
dikson,"(79.54097643104058, 74.82240846456193)",79.54097643104058,74.82240846456193,32.26,32.26,98,12.24,76
thyboron,"(57.13132330669458, 7.636964934027077)",57.13132330669458,7.636964934027077,56.11,56.11,94,23.87,12
malabugas,"(9.403159251726379, 122.78559811190189)",9.403159251726379,122.78559811190189,86,86,79,4.7,20
saint-paul-les-dax,"(43.96027504013364, -0.9963943654459513)",43.96027504013364,-0.9963943654459513,58.51,60.8,93,4.07,0
hopewell,"(37.163098317073135, -77.09436726184528)",37.163098317073135,-77.09436726184528,78.13,82.4,94,5.75,1
praia da vitoria,"(43.301597545603045, -25.056988922032616)",43.301597545603045,-25.056988922032616,64.4,64.4,72,4.7,0
prince albert,"(52.96438144903607, -105.67315282103071)",52.96438144903607,-105.67315282103071,68,68,82,5.82,75
bandundu,"(-3.3189682871019386, 17.650471782177476)",-3.3189682871019386,17.650471782177476,71.68,71.68,93,2.17,0
ilulissat,"(75.9649108174385, -47.44739858413297)",75.9649108174385,-47.44739858413297,37.4,37.4,99,8.05,75
ugoofaaru,"(6.042044927127094, 66.95557717561837)",6.042044927127094,66.95557717561837,81.13,81.13,100,12.68,24
narsaq,"(80.84767509777987, -62.47922099017944)",80.84767509777987,-62.47922099017944,41,41,80,3.36,75
hilo,"(10.193830212567164, -142.6152399373972)",10.193830212567164,-142.6152399373972,78.8,78.8,74,11.41,90
hasaki,"(30.123237952485198, 155.78934740724378)",30.123237952485198,155.78934740724378,70.79,71.6,94,3.36,75
chumikan,"(56.50668482764971, 135.86877406963703)",56.50668482764971,135.86877406963703,52.06,52.06,80,3.96,0
roma,"(-28.016982817705184, 145.42305378788558)",-28.016982817705184,145.42305378788558,63.18,64.4,82,6.93,20
geraldton,"(-26.460408266026946, 115.81212664371105)",-26.460408266026946,115.81212664371105,46.4,46.4,87,12.75,90
payo,"(16.21756616343356, 127.72364717170291)",16.21756616343356,127.72364717170291,78.16,78.16,100,3.85,64
nome,"(68.42182576371039, -165.31942930138015)",68.42182576371039,-165.31942930138015,82.89,84.2,78,5.82,40
hobyo,"(4.805704611427075, 47.140402736982026)",4.805704611427075,47.140402736982026,76.45,76.45,77,20.51,56
along,"(32.5792952181436, 95.24990842484777)",32.5792952181436,95.24990842484777,70.15,70.15,97,1.95,80
havoysund,"(75.5050117156272, 23.477197182820873)",75.5050117156272,23.477197182820873,42.8,42.8,100,19.46,92
faya,"(22.40052582225985, 22.93003901387516)",22.40052582225985,22.93003901387516,68.88,69.8,21,1.61,0
mujiayingzi,"(44.41953410680958, 116.97058080135974)",44.41953410680958,116.97058080135974,80.32,80.32,56,5.3,68
since,"(9.32304127693368, -75.15111215746664)",9.32304127693368,-75.15111215746664,58.08,59,67,8.05,0
niono,"(13.96965622580285, -5.822825503899054)",13.96965622580285,-5.822825503899054,75.55,75.55,81,11.01,48
dezhou,"(36.97489606770907, 116.37399169016538)",36.97489606770907,116.37399169016538,89.95,89.95,50,15.26,56
pedernales,"(17.466723364138645, -71.36143892487057)",17.466723364138645,-71.36143892487057,73.75,73.75,83,5.86,64
porosozero,"(62.35463649492712, 32.822668942262965)",62.35463649492712,32.822668942262965,55.93,55.93,64,3.51,56
fortuna,"(39.47894396512578, -138.49537401214238)",39.47894396512578,-138.49537401214238,71.6,71.6,73,4.7,0
magadan,"(54.736942411695765, 150.60264329753932)",54.736942411695765,150.60264329753932,75.2,75.2,31,4.47,0
tiksi,"(78.5052915587597, 129.7538747817465)",78.5052915587597,129.7538747817465,77.8,77.8,46,4.18,20
yar-sale,"(73.60222942874509, 68.86510011765984)",73.60222942874509,68.86510011765984,50.35,50.35,72,18.05,0
kavaratti,"(9.275119904092648, 64.59934383990577)",9.275119904092648,64.59934383990577,80.86,80.86,100,18.05,48
lata,"(-6.36758852450626, 166.299799785539)",-6.36758852450626,166.299799785539,67.27,67.27,77,0.94,0
teya,"(60.23318293499767, 92.74895255525172)",60.23318293499767,92.74895255525172,75.2,75.2,94,2.24,90
ryotsu,"(38.51874399031368, 137.4439515257838)",38.51874399031368,137.4439515257838,78.8,78.8,47,16.11,0
erenhot,"(43.65712062369474, 114.06189829067154)",43.65712062369474,114.06189829067154,72.76,72.76,74,15.03,88
ardakan,"(33.37971716356279, 53.984246130030186)",33.37971716356279,53.984246130030186,80.6,80.6,12,4.07,0
vao,"(-30.58813314578169, 164.33399285427117)",-30.58813314578169,164.33399285427117,52.15,52.15,84,5.53,68
erzin,"(49.80108202466823, 94.03609168852938)",49.80108202466823,94.03609168852938,76.53,78.8,88,3.36,20
ferme-neuve,"(46.46472191476346, -75.44693064874292)",46.46472191476346,-75.44693064874292,61.24,61.24,90,2.39,88
bambous virieux,"(-36.29955793909764, 82.30755852544809)",-36.29955793909764,82.30755852544809,71.6,71.6,68,8.05,75
haines junction,"(59.39515327299165, -137.63377346639695)",59.39515327299165,-137.63377346639695,72.57,73.4,35,17.22,1
katsuura,"(27.304773508137515, 146.76894545967338)",27.304773508137515,146.76894545967338,75.2,75.2,69,11.41,20
esperance,"(-34.96437535026437, 127.26711423657116)",-34.96437535026437,127.26711423657116,77,77,94,13.87,40
hay river,"(60.57036785200361, -115.5747431987736)",60.57036785200361,-115.5747431987736,48.91,48.91,100,4.74,12
saint-augustin,"(58.03894834578119, -58.79314595654404)",58.03894834578119,-58.79314595654404,61.61,62.6,59,5.82,0
port blair,"(9.749825097985195, 90.17420732624117)",9.749825097985195,90.17420732624117,59.38,64.4,76,2.24,0
saint-pierre,"(35.26392604572419, -52.792717598134004)",35.26392604572419,-52.792717598134004,53.6,53.6,81,5.82,0
queenstown,"(-31.967066153096248, 26.486067505385535)",-31.967066153096248,26.486067505385535,34.6,34.6,91,3.4,48
lindi,"(-9.940390441519071, 39.84467183336281)",-9.940390441519071,39.84467183336281,62.77,62.77,87,4.41,20
spring hill,"(28.726950542599013, -82.74112389637332)",28.726950542599013,-82.74112389637332,85.41,87.8,74,6.93,1
garissa,"(-0.5432230873207118, 38.82091403749354)",-0.5432230873207118,38.82091403749354,69.88,69.88,78,10.78,12
airai,"(9.943461740296371, 142.25186904176167)",9.943461740296371,142.25186904176167,80.86,80.86,43,2.84,0
pierre,"(43.59203292084385, -99.85806974927075)",43.59203292084385,-99.85806974927075,71.6,71.6,73,8.05,1
kamaishi,"(38.12021753315835, 145.02066354386807)",38.12021753315835,145.02066354386807,78.8,78.8,54,8.05,75
orcopampa,"(-14.999204801870349, -72.39196847537404)",-14.999204801870349,-72.39196847537404,6.43,6.43,69,1.39,0
xihe,"(31.963574996989507, 113.4971361953248)",31.963574996989507,113.4971361953248,62.86,62.86,97,3.4,92
liepaja,"(56.49613954499952, 20.118843864640183)",56.49613954499952,20.118843864640183,47.26,50,93,9.89,64
benguela,"(-12.029607049588364, 11.199282504425753)",-12.029607049588364,11.199282504425753,68.53,68.53,100,1.61,88
goderich,"(7.748165541654188, -13.870419351276155)",7.748165541654188,-13.870419351276155,64.66,64.66,97,3.74,68
port keats,"(-12.790630984983977, 129.3917068175428)",-12.790630984983977,129.3917068175428,59.38,64.4,76,2.24,0
jiwani,"(23.643216301453506, 61.78556047037375)",23.643216301453506,61.78556047037375,86.35,86.35,95,7.2,68
isangel,"(-20.102256852278302, 175.98011619925092)",-20.102256852278302,175.98011619925092,72.76,72.76,100,12.01,0
batagay-alyta,"(66.19456076999472, 129.8112563056697)",66.19456076999472,129.8112563056697,75.91,75.91,37,4.07,0
seddon,"(-42.253786626687955, 174.29991484871493)",-42.253786626687955,174.29991484871493,53.68,53.68,95,18.16,32
shingu,"(22.73661998937996, 140.2675393060261)",22.73661998937996,140.2675393060261,75.2,75.2,83,9.17,75
norman wells,"(80.97225503032786, -118.48010928679335)",80.97225503032786,-118.48010928679335,83.5,87.8,74,8.05,75
kununurra,"(-16.223459147594383, 126.16439630244946)",-16.223459147594383,126.16439630244946,75.2,75.2,19,13.87,0
arraial do cabo,"(-45.77115343736835, -19.247301481312775)",-45.77115343736835,-19.247301481312775,69.69,71.6,53,8.05,0
razole,"(15.038451882035986, 82.50689216765983)",15.038451882035986,82.50689216765983,81.67,81.67,100,19.17,92
ponta do sol,"(22.082916089022774, -36.96649191832503)",22.082916089022774,-36.96649191832503,87.87,89.6,62,10.29,1
rajpur,"(21.932515647382715, 75.11826625126119)",21.932515647382715,75.11826625126119,95.53,95.53,43,14.25,0
makhinjauri,"(41.47731391639684, 41.51056761698217)",41.47731391639684,41.51056761698217,69.8,69.8,83,14.99,20
fermoy,"(52.15378492637777, -8.153315199221765)",52.15378492637777,-8.153315199221765,55.4,55.4,71,5.82,20
svetlogorsk,"(66.9106149912796, 92.77172480573711)",66.9106149912796,92.77172480573711,59,59,77,6.71,0
zeya,"(56.53993246313277, 128.38740287493835)",56.53993246313277,128.38740287493835,66.46,66.46,66,2.62,20
toamasina,"(-18.41739328005839, 51.28770307560316)",-18.41739328005839,51.28770307560316,68,68,94,4.7,75
mabai,"(22.829425807411283, 104.50136251111917)",22.829425807411283,104.50136251111917,69.97,69.97,98,2.62,92
nibbar,"(36.22515594544956, 8.926336196508913)",36.22515594544956,8.926336196508913,71.6,71.6,68,3.36,20
price,"(40.351280170989384, -109.9466419343907)",40.351280170989384,-109.9466419343907,86,86,9,14.99,1
cheney,"(47.20505137166913, -117.96695133357764)",47.20505137166913,-117.96695133357764,71.56,73.4,46,5.82,90
pangnirtung,"(63.44211017891402, -64.90930719788378)",63.44211017891402,-64.90930719788378,30.37,30.37,95,1.39,48
chimbote,"(-12.505408594238276, -85.10421244036604)",-12.505408594238276,-85.10421244036604,59.62,59.62,100,5.64,76
puquio,"(-14.009341149899882, -74.45123050522153)",-14.009341149899882,-74.45123050522153,22.72,22.72,75,1.28,0
praya,"(-10.920584261852497, 116.25309319802528)",-10.920584261852497,116.25309319802528,82.4,82.4,69,14.99,40
ballina,"(-31.684347781810047, 161.82717197335916)",-31.684347781810047,161.82717197335916,41.08,41.08,99,2.39,0
cidreira,"(-53.326185567422975, -24.064587533155617)",-53.326185567422975,-24.064587533155617,62.32,62.32,89,13.69,80
westport,"(56.3315113021672, -13.058646385453443)",56.3315113021672,-13.058646385453443,42.79,42.79,100,0.49,0
dinguiraye,"(11.757428377143583, -10.269292382809937)",11.757428377143583,-10.269292382809937,69.43,69.43,90,4.63,12
shirakawa,"(37.03939278787307, 140.25886853451226)",37.03939278787307,140.25886853451226,73.4,73.4,56,3.36,75
madimba,"(-9.249126040533923, 42.1137636190941)",-9.249126040533923,42.1137636190941,75.2,75.2,94,1.12,40
muros,"(42.9815904382051, -9.551691240058005)",42.9815904382051,-9.551691240058005,66.2,66.2,93,3.96,0
garowe,"(7.8779517161502355, 47.34495764759819)",7.8779517161502355,47.34495764759819,80.14,80.14,53,19.06,56
tautira,"(-18.553228429905246, -142.5839154937779)",-18.553228429905246,-142.5839154937779,82.4,82.4,61,3.36,75
makakilo city,"(9.824932916034399, -163.52654249365116)",9.824932916034399,-163.52654249365116,83.88,87.8,69,17.22,75
zhigansk,"(69.66426862763308, 122.44478555387991)",69.66426862763308,122.44478555387991,76.27,76.27,35,2.06,12
samarai,"(-15.432032760450866, 155.847229361705)",-15.432032760450866,155.847229361705,77.26,77.26,100,16.49,64
luderitz,"(-32.130147722206225, 3.4535825855968483)",-32.130147722206225,3.4535825855968483,47.38,47.38,93,12.8,0
carnarvon,"(-32.436794807079295, 88.2490180074841)",-32.436794807079295,88.2490180074841,21.28,21.28,72,3.06,8
tasiilaq,"(66.79836129476547, -38.16650826059521)",66.79836129476547,-38.16650826059521,39.2,39.2,86,6.93,75
puerto escondido,"(6.9167902077210215, -100.83372338482211)",6.9167902077210215,-100.83372338482211,82.12,82.12,83,3.85,8
namibe,"(-11.478237983033537, 3.7813207212197426)",-11.478237983033537,3.7813207212197426,69.61,69.61,99,3.85,0
kavieng,"(3.574181858715235, 150.65751391314677)",3.574181858715235,150.65751391314677,83.74,83.74,100,0.94,32
maragogi,"(-15.464842305493917, -26.255883749855485)",-15.464842305493917,-26.255883749855485,74.74,74.74,90,10.45,0
madisonville,"(37.111476202274034, -87.41158505308209)",37.111476202274034,-87.41158505308209,78.31,80.6,94,9.17,90
maniwaki,"(46.357780972235446, -76.62196920598491)",46.357780972235446,-76.62196920598491,63.13,63.13,82,3.18,80
qianjiang,"(30.402609629355368, 112.64474110976448)",30.402609629355368,112.64474110976448,85.27,85.27,93,5.41,80
buchanan,"(-0.4851351141061997, -13.251719427350821)",-0.4851351141061997,-13.251719427350821,75.2,75.2,94,3.74,40
yinchuan,"(38.317809910902895, 107.55642134901456)",38.317809910902895,107.55642134901456,80.86,80.86,46,11.01,0
avenal,"(35.91092080652423, -119.94338594948873)",35.91092080652423,-119.94338594948873,91.11,100.4,19,14.99,1
cayenne,"(11.645833039741419, -41.68857369032352)",11.645833039741419,-41.68857369032352,75.2,75.2,100,3.96,75
lorengau,"(-1.5190078935252274, 148.48953773649765)",-1.5190078935252274,148.48953773649765,82.12,82.12,100,4.18,64
camacha,"(33.67238776499467, -13.192866194146063)",33.67238776499467,-13.192866194146063,65.97,68,88,9.17,40
ternovka,"(51.80407326530457, 41.815511436638246)",51.80407326530457,41.815511436638246,72.58,72.58,33,9.78,56
hermanus,"(-83.18036220172252, 3.447747292276432)",-83.18036220172252,3.447747292276432,52.6,52.6,91,5.75,48
qasigiannguit,"(66.83701187137027, -49.902760832084994)",66.83701187137027,-49.902760832084994,37.4,37.4,99,8.05,75
marrakesh,"(29.434011543733845, -5.280531606274792)",29.434011543733845,-5.280531606274792,66.2,66.2,72,9.17,0
kodinsk,"(60.39064844568449, 98.74686327193484)",60.39064844568449,98.74686327193484,74.38,74.38,59,3.62,0
gat,"(25.041513560637952, 9.37424451675102)",25.041513560637952,9.37424451675102,73.84,73.84,93,7.99,76
talakan,"(51.17253728148532, 130.25940537877204)",51.17253728148532,130.25940537877204,69.34,69.34,63,5.41,12
andra,"(62.80903085540331, 65.72834782921981)",62.80903085540331,65.72834782921981,62.59,62.59,77,12.91,8
maniitsoq,"(60.42601999824299, -58.92939813551952)",60.42601999824299,-58.92939813551952,35.77,35.77,90,4.63,44
noyabrsk,"(62.85172432105438, 75.2662228785577)",62.85172432105438,75.2662228785577,61.87,61.87,90,8.88,20
porto walter,"(-9.844384311418708, -73.51918215741678)",-9.844384311418708,-73.51918215741678,65.44,66.2,100,2.17,0
forst,"(51.79623721554648, 14.492578401579635)",51.79623721554648,14.492578401579635,51.8,51.8,87,3.36,75
turukhansk,"(62.6752985164797, 89.42126239272272)",62.6752985164797,89.42126239272272,69.16,69.16,99,8.55,48
shubarshi,"(47.07284325879485, 56.4883999272823)",47.07284325879485,56.4883999272823,71.77,71.77,48,8.99,0
kumburgaz,"(40.66220638250235, 28.345686206201435)",40.66220638250235,28.345686206201435,65.07,69.8,64,12.75,75
gwadar,"(22.872615292874386, 62.34993101543549)",22.872615292874386,62.34993101543549,85.81,85.81,97,4.74,76
north bend,"(42.65249058709168, -132.62022466176435)",42.65249058709168,-132.62022466176435,79.16,82.4,94,4.7,1
luanda,"(-9.734729899619566, 6.215293125668495)",-9.734729899619566,6.215293125668495,70.96,70.96,100,3.06,88
belyy yar,"(61.02068318110821, 87.21141149442019)",61.02068318110821,87.21141149442019,61.96,61.96,97,11.45,88
itanhaem,"(-24.337479842220404, -46.77484546563477)",-24.337479842220404,-46.77484546563477,71.6,71.6,56,3.36,0
san-pedro,"(1.3619091682434572, -5.299415055693032)",1.3619091682434572,-5.299415055693032,72.22,72.22,100,4.41,64
baswa,"(27.18727930519111, 76.384797852556)",27.18727930519111,76.384797852556,97.15,97.15,34,10,92
ulladulla,"(-41.249276087571374, 157.75960338581467)",-41.249276087571374,157.75960338581467,57.2,57.2,44,10.29,0
abu zabad,"(12.60017521170775, 29.748173711766214)",12.60017521170775,29.748173711766214,74.19,75.2,78,5.82,20
mozdok,"(43.743201550392854, 44.66948644802903)",43.743201550392854,44.66948644802903,71.86,71.86,44,1.95,80
qinhuangdao,"(39.85088508970742, 119.50767588382939)",39.85088508970742,119.50767588382939,87.52,87.52,54,8.55,36
iberia,"(-11.664300940202466, -69.02221105885357)",-11.664300940202466,-69.02221105885357,72.58,72.58,87,2.06,0
karratha,"(-15.781268877001196, 113.61780901816314)",-15.781268877001196,113.61780901816314,70.78,70.78,20,18.5,0
jumla,"(29.496024773952, 81.80560476461312)",29.496024773952,81.80560476461312,45.58,45.58,87,1.72,12
hameenlinna,"(60.752126656399014, 24.31466982174325)",60.752126656399014,24.31466982174325,50,50,81,3.36,0
nanma,"(36.392146708115874, 118.14622913226037)",36.392146708115874,118.14622913226037,80.86,80.86,49,4.29,64
fairbanks,"(73.29763461800636, -145.77028017556313)",73.29763461800636,-145.77028017556313,66.72,68,37,3.36,76
upernavik,"(71.43938430493776, -59.52975035845307)",71.43938430493776,-59.52975035845307,29.83,29.83,100,4.07,76
laguna,"(-32.85404879285322, -44.78086989218869)",-32.85404879285322,-44.78086989218869,87.8,87.8,40,11.41,5
komsomolets,"(53.35702263049242, 62.02308888495807)",53.35702263049242,62.02308888495807,73.66,73.66,34,12.8,12
fare,"(-13.883350407108892, -150.44048429040808)",-13.883350407108892,-150.44048429040808,80.14,80.14,100,12.24,12
zonguldak,"(41.42994148585049, 31.728401308506562)",41.42994148585049,31.728401308506562,64.3,64.3,100,3.18,92
kumluca,"(34.20114607221416, 30.23981666229298)",34.20114607221416,30.23981666229298,49.99,49.99,89,1.83,0
lappeenranta,"(61.13260689882341, 27.62564108768717)",61.13260689882341,27.62564108768717,46.4,46.4,87,1.12,0
inobulan,"(8.914428157602302, 124.8637060361321)",8.914428157602302,124.8637060361321,82.21,82.21,93,3.18,24
alofi,"(-24.536802684592743, -167.65239676162946)",-24.536802684592743,-167.65239676162946,80.6,80.6,69,14.99,68
kathmandu,"(30.97804785219951, 85.91791829564079)",30.97804785219951,85.91791829564079,73.4,73.4,83,0.72,40
kananga,"(-5.952827248485022, 22.852039245285454)",-5.952827248485022,22.852039245285454,67.54,67.54,91,2.39,44
savannah bight,"(17.552421693420555, -85.68638444563896)",17.552421693420555,-85.68638444563896,80.26,82.4,74,11.34,1
krutikha,"(54.21319523612718, 80.88094156178585)",54.21319523612718,80.88094156178585,71.14,71.14,77,4.41,20
inuvik,"(66.20326386060367, -132.69570152234616)",66.20326386060367,-132.69570152234616,42.8,42.8,75,16.11,90
ugleuralskiy,"(58.91520560869071, 57.54765308451269)",58.91520560869071,57.54765308451269,64.84,64.84,76,7.43,0
ouallam,"(14.652915610119592, 2.1534877378477404)",14.652915610119592,2.1534877378477404,79.69,79.69,66,5.64,8
biak,"(2.2514739270837225, 139.6084929476977)",2.2514739270837225,139.6084929476977,80.32,80.32,91,4.18,36
sao jose da coroa grande,"(-11.501929666435842, -30.35805076747883)",-11.501929666435842,-30.35805076747883,72.22,72.22,100,8.21,92
honningsvag,"(73.43416796410688, 26.69705289844137)",73.43416796410688,26.69705289844137,43.51,43.51,100,20.51,92
yumen,"(36.48218980149278, 96.578636179782)",36.48218980149278,96.578636179782,74.29,74.29,70,3.4,8
puerto colombia,"(13.316041750392387, -76.97913120898026)",13.316041750392387,-76.97913120898026,82.12,82.12,83,3.85,8
sal rei,"(15.940253789486633, -21.95381620592829)",15.940253789486633,-21.95381620592829,68.98,68.98,75,12.01,0
ajdabiya,"(30.28966019950208, 19.49450759801232)",30.28966019950208,19.49450759801232,72.22,72.22,47,8.43,0
boyolangu,"(-13.850024085584181, 111.64881719695603)",-13.850024085584181,111.64881719695603,80.5,80.5,83,4.97,0
rioja,"(-5.731455022824434, -77.33258878511018)",-5.731455022824434,-77.33258878511018,62.41,62.41,94,1.95,88
salalah,"(20.08674593534147, 51.60627525932034)",20.08674593534147,51.60627525932034,80.6,80.6,88,8.05,75
taltal,"(-25.215956737581934, -73.65900257415039)",-25.215956737581934,-73.65900257415039,48.82,48.82,98,1.72,36
auki,"(-8.274386531076232, 160.3777954025328)",-8.274386531076232,160.3777954025328,68.8,68.8,93,4.41,20
asino,"(56.725016534260476, 86.26494195324312)",56.725016534260476,86.26494195324312,71.14,71.14,66,6.53,44
fez,"(32.97466949257566, -4.096491060195689)",32.97466949257566,-4.096491060195689,65.5,66.2,93,2.24,0
college,"(69.03398742042222, -149.22551027996474)",69.03398742042222,-149.22551027996474,66.72,68,37,3.36,76
emerald,"(-23.225034221683813, 144.72228752750397)",-23.225034221683813,144.72228752750397,73.12,73.12,36,7.2,32
qostanay,"(53.07430046463861, 64.07766369727273)",53.07430046463861,64.07766369727273,60.8,60.8,82,8.95,0
mehamn,"(74.02267739589152, 27.0314652341049)",74.02267739589152,27.0314652341049,43.33,43.33,98,17.05,92
clyde river,"(71.21946438332557, -75.52389863957164)",71.21946438332557,-75.52389863957164,38.02,38.02,73,4.63,0
anloga,"(-0.08789993128252149, 2.1310112814961997)",-0.08789993128252149,2.1310112814961997,75.2,75.2,94,5.82,20
ambon,"(-4.13510448467558, 126.39076912604179)",-4.13510448467558,126.39076912604179,59,59,67,8.05,0
tutoia,"(-0.5668583717341988, -41.84045714243055)",-0.5668583717341988,-41.84045714243055,78.79,78.79,82,10.56,32
christchurch,"(-51.48451709117903, 179.06648011833812)",-51.48451709117903,179.06648011833812,60.8,60.8,48,8.05,24
mehriz,"(31.40211221900256, 54.195260272300516)",31.40211221900256,54.195260272300516,80.6,80.6,12,2.62,0
lagoa,"(52.03961408864396, -29.497025429019857)",52.03961408864396,-29.497025429019857,69.8,69.8,77,2.24,0
cedar city,"(37.53936908674659, -111.99511087843473)",37.53936908674659,-111.99511087843473,86,86,9,14.99,1
wairoa,"(-40.2684677805086, 178.3000184594631)",-40.2684677805086,178.3000184594631,56.38,56.38,84,15.26,8
vostok,"(49.94458123561756, 149.5717029844513)",49.94458123561756,149.5717029844513,53.32,53.32,75,3.74,88
fort nelson,"(61.630297137827625, -119.98552838597888)",61.630297137827625,-119.98552838597888,50.85,51.8,93,3.36,48
inongo,"(-1.4239007492093236, 19.774838605353835)",-1.4239007492093236,19.774838605353835,70.78,70.78,94,3.18,68
shelburne,"(38.16642048634992, -64.72878693443349)",38.16642048634992,-64.72878693443349,64.4,64.4,88,2.24,90
juneau,"(58.941988228268, -132.70810921665293)",58.941988228268,-132.70810921665293,59.76,60.8,59,6.93,90
farmington,"(36.14142951536164, -108.44307528108685)",36.14142951536164,-108.44307528108685,87.85,93.2,5,17.22,1
elko,"(41.41821883792599, -116.01780631086402)",41.41821883792599,-116.01780631086402,80.6,80.6,18,19.46,1
carauari,"(-4.36141034604772, -67.69444923999808)",-4.36141034604772,-67.69444923999808,75.82,75.82,90,3.4,36
irbeyskoye,"(54.50097081639183, 96.64115416126731)",54.50097081639183,96.64115416126731,74.74,74.74,65,9.89,0
kuala terengganu,"(5.794594858841208, 103.87583095484104)",5.794594858841208,103.87583095484104,77,77,88,2.24,40
caramoan,"(13.762969779690863, 123.85012402834946)",13.762969779690863,123.85012402834946,83.74,83.74,93,3.96,56
san cristobal,"(2.6693083611409065, -87.01665358167266)",2.6693083611409065,-87.01665358167266,71.41,71.41,96,8.66,48
naberera,"(-4.188148016477513, 36.70169780722276)",-4.188148016477513,36.70169780722276,55.03,55.03,96,2.95,88
beringovskiy,"(55.49431473126509, 179.85802271300594)",55.49431473126509,179.85802271300594,43.33,43.33,100,11.12,92
anapskaya,"(44.26469435357518, 36.71612182451949)",44.26469435357518,36.71612182451949,66.2,66.2,93,8.95,0
vila velha,"(-26.933560622465315, -25.39768244734671)",-26.933560622465315,-25.39768244734671,59.94,62.6,82,4.7,0
gubkinskiy,"(64.5810969368855, 75.47990297341536)",64.5810969368855,75.47990297341536,64.93,64.93,95,6.31,0
tsaratanana,"(-17.166822311846587, 47.050520723911944)",-17.166822311846587,47.050520723911944,55.39,55.39,87,6.87,0
zheleznogorsk-ilimskiy,"(56.64509426604931, 104.1012225492575)",56.64509426604931,104.1012225492575,70.24,70.24,59,5.97,24
buala,"(-4.5799838340123245, 159.48477061431612)",-4.5799838340123245,159.48477061431612,77.53,77.53,100,6.76,68
port hardy,"(43.135408211363654, -136.05977643721656)",43.135408211363654,-136.05977643721656,59.38,64.4,76,2.24,0
anchorage,"(61.324108700769926, -150.4612467726543)",61.324108700769926,-150.4612467726543,59.25,60.8,62,11.41,20
port-gentil,"(0.09587553893369716, 7.003095638048563)",0.09587553893369716,7.003095638048563,74.92,74.92,100,7.54,80
ongandjera,"(-18.652621354177455, 15.022345039833823)",-18.652621354177455,15.022345039833823,49.36,49.36,52,8.43,0
buin,"(-6.598832681346693, 156.98617501776022)",-6.598832681346693,156.98617501776022,44.6,44.6,81,1.12,75
muisne,"(0.4409496510780997, -81.00651124992027)",0.4409496510780997,-81.00651124992027,71.59,71.59,93,4.74,88
banda aceh,"(4.942283604426365, 91.75238506834029)",4.942283604426365,91.75238506834029,94.63,94.63,47,12.68,8
adre,"(14.4005626987516, 22.206485926418907)",14.4005626987516,22.206485926418907,65.2,65.2,99,3.06,32
petropavlovsk-kamchatskiy,"(53.52790409630404, 159.06899298109136)",53.52790409630404,159.06899298109136,51.8,51.8,76,13.42,20
paamiut,"(57.76803036156883, -50.94558297912951)",57.76803036156883,-50.94558297912951,37.39,37.39,100,3.62,44
colesberg,"(-30.822498355086857, 24.680646964259694)",-30.822498355086857,24.680646964259694,25.87,25.87,71,2.84,0
constitucion,"(13.1613398147868, -124.8360554067643)",13.1613398147868,-124.8360554067643,75.2,75.2,50,8.05,75
ereymentau,"(51.485861214872074, 74.07205371646816)",51.485861214872074,74.07205371646816,69.07,69.07,60,4.41,64
mount isa,"(-17.730527145773635, 139.3520964682732)",-17.730527145773635,139.3520964682732,49.93,51.8,81,8.05,0
rio gallegos,"(-51.1800807894824, -65.99396300061461)",-51.1800807894824,-65.99396300061461,72.55,75.2,73,4.7,1
urdoma,"(61.447224237445994, 48.429477859725466)",61.447224237445994,48.429477859725466,68.17,68.17,78,3.62,12
moose factory,"(54.27740560525288, -78.15492015942742)",54.27740560525288,-78.15492015942742,51.94,53.6,71,5.82,1
talaya,"(58.328783565241366, 154.70539160951364)",58.328783565241366,154.70539160951364,69.43,69.43,84,3.96,48
ensenada,"(32.11708298195036, -116.29417115146614)",32.11708298195036,-116.29417115146614,67.81,67.81,69,2.62,0
santa maria,"(17.03714130648646, -23.490262738441885)",17.03714130648646,-23.490262738441885,82.12,82.12,89,3.62,48
wanning,"(15.497610243201024, 114.36494358784057)",15.497610243201024,114.36494358784057,55.4,55.4,66,9.17,90
sept-iles,"(53.36423701856549, -65.67425093167311)",53.36423701856549,-65.67425093167311,57.2,57.2,71,6.98,90
oroquieta,"(8.609921327724791, 124.00989945867263)",8.609921327724791,124.00989945867263,83.92,83.92,85,3.18,36
tevaitoa,"(-19.634925195762534, -152.5143750992325)",-19.634925195762534,-152.5143750992325,80.14,80.14,100,12.24,12
glendive,"(47.30169556301328, -104.79549961708746)",47.30169556301328,-104.79549961708746,64.45,66.2,100,3.36,1
obo,"(4.277852748276729, 26.388083015315345)",4.277852748276729,26.388083015315345,60.61,60.61,94,2.95,44
sorokino,"(53.716363470851974, 84.7488414808762)",53.716363470851974,84.7488414808762,72.31,72.31,62,8.99,92
cairns,"(-13.901879365001975, 146.36004217538772)",-13.901879365001975,146.36004217538772,71.6,71.6,88,12.75,75
xinzhi,"(36.91227182015389, 110.93459546763972)",36.91227182015389,110.93459546763972,86.56,87.8,70,5.82,75
tucuman,"(-25.723993557793136, -64.37249079128598)",-25.723993557793136,-64.37249079128598,47.56,47.56,78,2.39,0
tabuk,"(28.75450762521467, 36.86201288969164)",28.75450762521467,36.86201288969164,77.8,77.8,84,2.06,64
hildburghausen,"(50.43629254699269, 10.681382053445788)",50.43629254699269,10.681382053445788,51.8,51.8,81,6.93,0
tabou,"(3.3555135870507655, -7.324708971852573)",3.3555135870507655,-7.324708971852573,78.16,78.16,100,7.43,88
say,"(12.929701694326837, 2.0143639427311655)",12.929701694326837,2.0143639427311655,75.2,75.2,88,5.82,0
bubaque,"(3.9023955412499163, -22.462167919475547)",3.9023955412499163,-22.462167919475547,80.6,80.6,83,5.82,20
itoman,"(18.51074604764304, 132.2439524497932)",18.51074604764304,132.2439524497932,84.74,86,79,16.11,75
sakaiminato,"(38.499198818538616, 132.08284753725718)",38.499198818538616,132.08284753725718,77.83,78.8,50,13.87,75
trincomalee,"(8.882351180264266, 82.69891133926461)",8.882351180264266,82.69891133926461,83.11,83.11,70,16.04,32
bilma,"(20.00897033587505, 12.071558035057194)",20.00897033587505,12.071558035057194,82.93,82.93,37,3.4,44
ancud,"(-42.65223062218945, -100.17225882832702)",-42.65223062218945,-100.17225882832702,27.58,27.58,81,0.94,0
vestmannaeyjar,"(61.09334437748032, -21.120629888987253)",61.09334437748032,-21.120629888987253,47.29,47.29,100,6.98,92
sola,"(-11.80316718444314, 168.8707647915437)",-11.80316718444314,168.8707647915437,44.6,44.6,100,1.12,0
panzhihua,"(26.823672312612445, 101.64105865849223)",26.823672312612445,101.64105865849223,71.77,71.77,89,2.95,32
nelson bay,"(-34.572660877324275, 153.97930281466853)",-34.572660877324275,153.97930281466853,75.2,75.2,50,3.36,40
binga,"(2.485218489467897, 20.251073649234655)",2.485218489467897,20.251073649234655,59.17,59.17,95,1.39,44
palauig,"(15.496912122273471, 119.47183651380067)",15.496912122273471,119.47183651380067,83.38,83.38,95,3.4,20
galveston,"(28.54445350570387, -94.59583723845941)",28.54445350570387,-94.59583723845941,66.47,68,93,4.7,90
bettiah,"(26.966800547366717, 84.42267126162841)",26.966800547366717,84.42267126162841,88.96,88.96,64,7.54,20
volax,"(41.446702912749856, 23.854737100324456)",41.446702912749856,23.854737100324456,62.6,62.6,82,5.82,75
comodoro rivadavia,"(-48.85640415974781, -67.82416633020165)",-48.85640415974781,-67.82416633020165,68.89,68.89,77,2.62,0
bandarbeyla,"(4.302106582018212, 58.79861416726982)",4.302106582018212,58.79861416726982,77.08,77.08,81,31.25,44
shubarkuduk,"(48.45044854437489, 56.08789615228187)",48.45044854437489,56.08789615228187,70.51,70.51,51,8.77,0
pudozh,"(61.611523629881816, 36.77784522014636)",61.611523629881816,36.77784522014636,58.36,58.36,65,6.64,88
eureka,"(41.84205039231958, -131.91135770883363)",41.84205039231958,-131.91135770883363,66.83,69.8,72,13.87,1
ixtapa,"(7.61893331141799, -106.56521436026091)",7.61893331141799,-106.56521436026091,82.4,82.4,78,11.41,90
port hedland,"(-18.666129364799318, 119.40719134621918)",-18.666129364799318,119.40719134621918,59.38,64.4,76,2.24,0
ahuimanu,"(34.8230384915048, -152.6213775103443)",34.8230384915048,-152.6213775103443,83.91,87.8,69,17.22,75
barranca,"(-2.9165422069899023, -76.18676315698879)",-2.9165422069899023,-76.18676315698879,59.8,59.8,100,10.33,68
brae,"(65.33965118874403, 0.3702730516683346)",65.33965118874403,0.3702730516683346,50.77,51.8,87,13.87,92
warmbad,"(-28.516690673934548, 19.34669278116033)",-28.516690673934548,19.34669278116033,51.1,53.6,81,5.82,64
lasem,"(-6.167093165346316, 111.71805272642735)",-6.167093165346316,111.71805272642735,86,86,66,1.12,20
hovd,"(44.79617750197764, 99.91394827367719)",44.79617750197764,99.91394827367719,48.9,50,93,11.41,75
tiznit,"(25.200471111028065, -9.39498942607409)",25.200471111028065,-9.39498942607409,64.12,64.12,97,3.06,88
qafqafa,"(32.34053368949115, 36.03284909489233)",32.34053368949115,36.03284909489233,66.2,66.2,59,8.05,0
shiraz,"(29.251189512366565, 52.54951143739484)",29.251189512366565,52.54951143739484,71.6,71.6,28,2.17,0
prieska,"(-29.722008300240446, 23.2338838446679)",-29.722008300240446,23.2338838446679,30.37,30.37,71,2.73,0
hailar,"(46.73872013290088, 118.54787742793155)",46.73872013290088,118.54787742793155,63.67,63.67,94,15.82,92
torquay,"(49.816387046641324, -3.085096213723773)",49.816387046641324,-3.085096213723773,53.6,53.6,76,1.12,0
grindavik,"(57.58474836065494, -26.27516496216319)",57.58474836065494,-26.27516496216319,46.4,46.4,100,12.75,90
fort-shevchenko,"(43.467061691144465, 49.595076991530505)",43.467061691144465,49.595076991530505,72.49,72.49,80,10.78,0
new richmond,"(48.12104200405179, -65.99928655574469)",48.12104200405179,-65.99928655574469,76.05,77,69,4.41,1
sioux lookout,"(51.357732608612054, -89.3671916818898)",51.357732608612054,-89.3671916818898,61.02,64.4,67,6.93,40
fenoarivo,"(-17.685420796597313, 46.371051529897585)",-17.685420796597313,46.371051529897585,51.8,51.8,100,3.36,75
sioni,"(42.71539300571092, 44.50647790301241)",42.71539300571092,44.50647790301241,68,68,77,20.8,0
usinsk,"(66.07916685037486, 57.427615350232)",66.07916685037486,57.427615350232,64.03,64.03,81,4.18,44
emba,"(46.67433041010392, 58.55308586396808)",46.67433041010392,58.55308586396808,72.18,73.4,88,4.7,20
hofn,"(59.30860780123453, -13.988720226310903)",59.30860780123453,-13.988720226310903,48.82,48.82,93,8.66,36
muroto,"(29.862659855062702, 134.64614797248294)",29.862659855062702,134.64614797248294,80.6,80.6,65,3.36,75
santiago,"(6.442026494488573, 129.86420203927878)",6.442026494488573,129.86420203927878,44.6,44.6,81,1.12,75
kindersley,"(51.60546564086667, -108.79476793549433)",51.60546564086667,-108.79476793549433,66.2,66.2,82,20.8,90
imbituba,"(-28.904888330076965, -45.612237260364566)",-28.904888330076965,-45.612237260364566,64.4,64.4,93,3.36,0
kharan,"(29.18300887444505, 65.284204090667)",29.18300887444505,65.284204090667,83.92,83.92,11,2.51,0
shanhetun,"(44.53883365543385, 127.51574855673346)",44.53883365543385,127.51574855673346,79.24,79.24,52,6.53,0
numaligarh,"(26.71761720546681, 93.62078326351786)",26.71761720546681,93.62078326351786,81.76,81.76,86,2.62,48
pospelikha,"(51.75708997028451, 81.64285251895552)",51.75708997028451,81.64285251895552,66.37,66.37,89,4.74,92
mariental,"(-24.417768609636667, 18.055447794379063)",-24.417768609636667,18.055447794379063,52.96,52.96,86,12.01,92
ambilobe,"(-9.286757812254066, 52.59393222867644)",-9.286757812254066,52.59393222867644,65.65,65.65,88,5.19,0
bereda,"(12.644331766854265, 51.297642312611515)",12.644331766854265,51.297642312611515,66.2,66.2,82,2.17,0
old road,"(16.909946350463017, -62.03430199930065)",16.909946350463017,-62.03430199930065,52.25,55.4,76,8.05,0
lohardaga,"(23.347183791100576, 84.51041038302486)",23.347183791100576,84.51041038302486,80.6,80.6,78,2.24,75
dandong,"(38.47113728817743, 124.3236227407902)",38.47113728817743,124.3236227407902,81.4,81.4,62,4.52,0
nizwa,"(22.45036011330741, 57.67237262555449)",22.45036011330741,57.67237262555449,84.1,84.1,28,2.84,8
gelibolu,"(40.58167728295368, 26.592152559943912)",40.58167728295368,26.592152559943912,67,67,91,15.82,48
mahibadhoo,"(3.8217023562198023, 72.62700828754416)",3.8217023562198023,72.62700828754416,82.12,82.12,100,9.22,24
qaqortoq,"(57.405319663731746, -48.94139284303125)",57.405319663731746,-48.94139284303125,41,41,80,3.36,75
ozinki,"(49.77993294013615, 50.38536829053797)",49.77993294013615,50.38536829053797,74.47,74.47,46,3.51,0
nizhniy odes,"(64.48282565857895, 55.6273069625571)",64.48282565857895,55.6273069625571,68,68,94,2.24,0
giresun,"(41.39724554084924, 38.49269306803228)",41.39724554084924,38.49269306803228,59.71,59.71,100,1.95,88
sananduva,"(-27.75011727968255, -51.807184000508926)",-27.75011727968255,-51.807184000508926,60.16,60.16,73,9.66,44
bonfim,"(0.8146502330055228, -59.375160856864596)",0.8146502330055228,-59.375160856864596,64.4,64.4,72,4.7,0
innisfail,"(-17.04464547940475, 147.46103055799045)",-17.04464547940475,147.46103055799045,64.4,64.4,82,10.29,75
kindu,"(-2.117682030250023, 27.223421364789772)",-2.117682030250023,27.223421364789772,67.36,67.36,100,2.39,56
maldonado,"(-36.464807122666535, -55.41916172437513)",-36.464807122666535,-55.41916172437513,50,50,57,24.16,75
udachnyy,"(69.0097203360589, 112.36061139727491)",69.0097203360589,112.36061139727491,72.76,72.76,52,3.18,64
dunedin,"(-52.293355539343466, 178.04831761707408)",-52.293355539343466,178.04831761707408,45.58,45.58,79,9.78,8
tobol,"(53.266625630200394, 62.912901761820535)",53.266625630200394,62.912901761820535,51.8,51.8,71,4.7,56
desaguadero,"(-16.657346862617715, -68.96386394650246)",-16.657346862617715,-68.96386394650246,27.85,27.85,86,2.95,0
viransehir,"(37.37367140384873, 39.7313689835421)",37.37367140384873,39.7313689835421,68.62,68.62,64,5.75,0
camocim,"(-0.3060805244908664, -40.52303607784319)",-0.3060805244908664,-40.52303607784319,78.61,78.61,75,13.02,0
broome,"(-19.76737751828466, 123.04140059237244)",-19.76737751828466,123.04140059237244,50.41,51.8,87,3.36,48
erdaojiang,"(41.45709170181033, 125.80419208852635)",41.45709170181033,125.80419208852635,76.81,76.81,77,3.18,8
namatanai,"(2.070910701181461, 157.28275624729054)",2.070910701181461,157.28275624729054,80.59,80.59,100,5.86,64
barstow,"(34.92963689407105, -116.26415901523873)",34.92963689407105,-116.26415901523873,99.73,100.4,14,6.93,1
daru,"(-11.264822400585842, 141.59776411724567)",-11.264822400585842,141.59776411724567,69.79,69.79,99,2.62,88
doka,"(12.462679808279361, 35.64521938215066)",12.462679808279361,35.64521938215066,67.81,67.81,95,10.56,48
sao filipe,"(11.928788766659778, -35.69821720829884)",11.928788766659778,-35.69821720829884,72.22,72.22,100,8.21,92
balkanabat,"(41.54284501919409, 54.159674779350695)",41.54284501919409,54.159674779350695,79.87,79.87,23,2.73,0
manaus,"(-1.5038500220459383, -60.6808923029015)",-1.5038500220459383,-60.6808923029015,76.95,78.8,83,2.24,0
ayan,"(57.307482841495414, 140.01218897669958)",57.307482841495414,140.01218897669958,48.91,48.91,90,2.28,36
chauk,"(20.95034913746926, 93.99325768812122)",20.95034913746926,93.99325768812122,80.32,80.32,90,13.47,64
kieta,"(-3.059800693832372, 155.9782925574371)",-3.059800693832372,155.9782925574371,73.57,73.57,100,2.39,92
baikunthpur,"(23.48570972802193, 82.45036379797449)",23.48570972802193,82.45036379797449,88.51,88.51,61,9.66,0
oranjemund,"(-31.77532039781685, 11.18319180928546)",-31.77532039781685,11.18319180928546,57.73,57.73,100,11.01,0
jiazi,"(21.47752538883705, 116.63454883943189)",21.47752538883705,116.63454883943189,87.8,87.8,79,11.18,0
kolokani,"(13.273339317150942, -8.108919627205381)",13.273339317150942,-8.108919627205381,79.6,79.6,70,8.43,92
missoula,"(46.60230419338333, -113.9764084934844)",46.60230419338333,-113.9764084934844,57.2,57.2,76,2.62,90
kinablangan,"(8.229096430760166, 129.48551307162234)",8.229096430760166,129.48551307162234,83.11,83.11,100,4.29,20
santa rosalia,"(27.819056190910402, -111.98835137152268)",27.819056190910402,-111.98835137152268,82.12,82.12,89,3.62,48
atar,"(20.155237080083495, -12.252054997259506)",20.155237080083495,-12.252054997259506,75.01,75.01,35,4.07,0
mirpur bathoro,"(24.649199277876136, 68.43214635839274)",24.649199277876136,68.43214635839274,90.04,90.04,31,4.07,0
codrington,"(25.919082502418874, -51.99315799580438)",25.919082502418874,-51.99315799580438,63.58,63.58,63,3.85,0
liverpool,"(42.316009645694294, -64.10689775334285)",42.316009645694294,-64.10689775334285,52.63,53.6,81,6.93,0
vilyuysk,"(65.8622243095129, 120.50158299307049)",65.8622243095129,120.50158299307049,74.11,74.11,52,3.4,0
ilinskiy,"(60.71655352783435, 32.76211943898181)",60.71655352783435,32.76211943898181,66.2,68,63,8.95,0
chiknayakanhalli,"(13.445695127292353, 76.74855620473636)",13.445695127292353,76.74855620473636,70.42,70.42,94,10.78,88
aracoiaba da serra,"(-23.53938499212103, -47.547398331802725)",-23.53938499212103,-47.547398331802725,75.82,75.82,72,6.53,20
bahadurgarh,"(28.728023905594455, 76.86700350716143)",28.728023905594455,76.86700350716143,93.2,93.2,38,4.7,75
winnemucca,"(42.038556891429266, -119.43464387162844)",42.038556891429266,-119.43464387162844,84.2,84.2,13,11.41,1
lakes entrance,"(-40.44693777709006, 152.47117438944542)",-40.44693777709006,152.47117438944542,77.86,78.8,74,4.7,40
miami,"(36.65496312837493, -95.0148415178598)",36.65496312837493,-95.0148415178598,80.62,82.4,94,2.95,40
tazovskiy,"(67.61260861470558, 80.9062429892503)",67.61260861470558,80.9062429892503,62.77,62.77,95,14.03,92
karoi,"(-16.938079426687295, 30.023043317483314)",-16.938079426687295,30.023043317483314,56.56,56.56,80,8.66,12
nokaneng,"(-19.604066910601958, 21.395855685061633)",-19.604066910601958,21.395855685061633,44.59,44.59,68,4.18,0
pacific grove,"(31.80905747166983, -127.74130433240632)",31.80905747166983,-127.74130433240632,70.88,73.4,49,2.51,90
lafia,"(8.156486729779289, 8.863263863468717)",8.156486729779289,8.863263863468717,67.72,67.72,99,3.74,92
lasa,"(31.600779106707236, 88.88752568217336)",31.600779106707236,88.88752568217336,72.1,73.4,88,4.7,20
koslan,"(65.1894424702497, 49.291787616144404)",65.1894424702497,49.291787616144404,65.65,65.65,86,3.4,12
shimoda,"(27.20271842268373, 141.37671697878545)",27.20271842268373,141.37671697878545,68.49,73.4,83,4.7,75
puerto carreno,"(6.041426353299059, -66.92635932695974)",6.041426353299059,-66.92635932695974,82.12,82.12,83,3.85,8
padang,"(-3.8199097734319025, 93.15985037252744)",-3.8199097734319025,93.15985037252744,83.56,83.56,100,5.41,88
santa cruz verapaz,"(15.454395715888566, -90.59135460255659)",15.454395715888566,-90.59135460255659,82.12,82.12,89,3.62,48
leningradskiy,"(88.97762732155533, 178.6420049506434)",88.97762732155533,178.6420049506434,33.7,33.7,92,13.35,20
puerto maldonado,"(-12.062747057981227, -68.26109553237647)",-12.062747057981227,-68.26109553237647,82.12,82.12,83,3.85,8
yuzhou,"(34.119819330454305, 113.42611312862164)",34.119819330454305,113.42611312862164,78.8,78.8,74,6.71,68
bahia honda,"(23.24597630648806, -83.47976857270129)",23.24597630648806,-83.47976857270129,85.72,85.72,39,12.01,0
amuntai,"(-0.12555248775927907, 114.42008894718026)",-0.12555248775927907,114.42008894718026,84.46,84.46,80,2.84,24
warrenton,"(-28.06596514029453, 24.61424170515403)",-28.06596514029453,24.61424170515403,35.41,35.41,74,0.6,0
askiz,"(53.38104769793367, 90.2403787314123)",53.38104769793367,90.2403787314123,78.52,78.52,44,3.96,0
marana,"(32.21447572463222, -111.35748498003065)",32.21447572463222,-111.35748498003065,99.48,100.4,15,6.93,1
pemberton,"(50.05132409412383, -123.14137794736845)",50.05132409412383,-123.14137794736845,54.58,54.58,95,7.43,8
talara,"(-3.9098890348580966, -84.96322075326496)",-3.9098890348580966,-84.96322075326496,65.65,65.65,87,6.42,0
zheshart,"(61.955482681253244, 49.388370082176635)",61.955482681253244,49.388370082176635,67.99,67.99,70,2.17,20
san isidro,"(6.42261327330516, 128.03544455990175)",6.42261327330516,128.03544455990175,71.41,71.41,96,8.66,48
murici,"(-9.245790146162037, -35.97326802652404)",-9.245790146162037,-35.97326802652404,75.2,75.2,73,5.82,0
kharp,"(69.51738684077395, 66.5714175204038)",69.51738684077395,66.5714175204038,62.86,62.86,70,8.55,0
okhotsk,"(60.65621794247292, 145.50513386798576)",60.65621794247292,145.50513386798576,58.09,58.09,74,5.41,88
mackay,"(-20.76935024008708, 148.8489426396286)",-20.76935024008708,148.8489426396286,76.1,77,38,6.93,20
bathsheba,"(13.349189395488835, -56.766273326361)",13.349189395488835,-56.766273326361,84.2,84.2,66,21.92,20
porto novo,"(13.598665070179763, -35.32170930233693)",13.598665070179763,-35.32170930233693,65.44,66.2,100,2.17,0
prince rupert,"(47.546202536158546, -135.94463668029007)",47.546202536158546,-135.94463668029007,68,68,82,5.82,75
sao joao da barra,"(-24.15157751783562, -36.47266628830678)",-24.15157751783562,-36.47266628830678,72.22,72.22,100,8.21,92
ovalle,"(-30.795951649795754, -73.35670309768035)",-30.795951649795754,-73.35670309768035,49.72,49.72,100,3.4,92
lermontovka,"(47.26446631748763, 133.71561062245752)",47.26446631748763,133.71561062245752,58.36,58.36,79,6.42,76
dumka,"(24.415335679059766, 87.33100087498065)",24.415335679059766,87.33100087498065,86.89,86.89,85,5.64,32
saint-francois,"(21.54483448483616, -49.41011955728024)",21.54483448483616,-49.41011955728024,51.8,51.8,87,6.2,0
challapata,"(-18.810344917149095, -66.87357789667884)",-18.810344917149095,-66.87357789667884,21.64,21.64,71,2.17,0
cocobeach,"(0.9966953337777085, 9.150936566410167)",0.9966953337777085,9.150936566410167,78.8,78.8,78,8.05,75
morlaix,"(48.349962590447234, -3.660685912812255)",48.349962590447234,-3.660685912812255,54.07,55.4,81,3.36,0
richards bay,"(-28.820021537714545, 34.58589103191392)",-28.820021537714545,34.58589103191392,75.27,80.6,64,4.7,75
silvassa,"(20.192947043425136, 73.14387732635697)",20.192947043425136,73.14387732635697,73.57,73.57,100,7.76,92
mpika,"(-12.379193448102, 31.430522100139427)",-12.379193448102,31.430522100139427,57.55,57.55,62,8.43,44
salvador,"(-12.99718675341687, -38.54489030593609)",-12.99718675341687,-38.54489030593609,80.6,80.6,69,10.29,20
arman,"(56.51636387584725, 149.65141420667447)",56.51636387584725,149.65141420667447,75.2,75.2,31,4.47,48
cam ranh,"(10.6171877360741, 112.67530475745173)",10.6171877360741,112.67530475745173,35.6,35.6,69,5.97,0
suining,"(30.733452999869357, 105.66884968644308)",30.733452999869357,105.66884968644308,87.34,87.34,79,5.3,56
hearst,"(51.475878833845144, -84.29016648909251)",51.475878833845144,-84.29016648909251,47.92,47.92,87,8.55,100
takoradi,"(1.5618770136750157, -1.1492818896847155)",1.5618770136750157,-1.1492818896847155,75.82,75.82,97,5.19,100
novouzensk,"(50.59338448414036, 48.280908347529845)",50.59338448414036,48.280908347529845,73.84,73.84,47,3.62,0
kamloops,"(50.44484821434918, -120.5045408074628)",50.44484821434918,-120.5045408074628,78.8,78.8,41,9.17,20
oxilithos,"(38.46885640546378, 24.178925840857744)",38.46885640546378,24.178925840857744,68.08,68.08,96,7.99,24
fukue,"(32.75238436027746, 127.2160210527951)",32.75238436027746,127.2160210527951,71.6,71.6,83,3.36,75
allada,"(6.6052252645487215, 2.1135272540415997)",6.6052252645487215,2.1135272540415997,77,77,88,9.17,40
anadyr,"(63.39504954911925, 173.22407108954252)",63.39504954911925,173.22407108954252,50,50,71,13.42,75
bijie,"(26.77260876266645, 105.30343309479002)",26.77260876266645,105.30343309479002,73.3,73.3,93,3.62,56
nha trang,"(12.37582532547917, 110.90855446072811)",12.37582532547917,110.90855446072811,31.72,31.72,95,1.39,24
mayo,"(64.59529069317273, -138.35976158301224)",64.59529069317273,-138.35976158301224,69.8,69.8,43,5.82,75
healdsburg,"(37.48205039569346, -124.6882757167647)",37.48205039569346,-124.6882757167647,93.67,100.4,25,9.17,1
kandalaksha,"(67.00288013174074, 32.47220729435159)",67.00288013174074,32.47220729435159,51.25,51.25,83,7.43,32
matara,"(1.5992850431254482, 81.21544642747227)",1.5992850431254482,81.21544642747227,27.04,27.04,78,1.95,0
yingcheng,"(24.163933473117964, 113.21753873844636)",24.163933473117964,113.21753873844636,80.6,80.6,83,6.71,40
maceio,"(-12.134535671665219, -32.78189806817582)",-12.134535671665219,-32.78189806817582,75.2,75.2,73,5.82,0
alihe,"(51.501904956427154, 124.10835264244133)",51.501904956427154,124.10835264244133,66.28,66.28,68,4.41,88
ulety,"(51.45842025282752, 112.257558331121)",51.45842025282752,112.257558331121,63.67,63.67,80,5.19,68
batsfjord,"(72.31642422131003, 30.108170745847787)",72.31642422131003,30.108170745847787,46.57,46.57,94,13.13,68
inirida,"(2.5799111465015585, -65.52772524079433)",2.5799111465015585,-65.52772524079433,71.59,71.59,97,2.17,56
bam,"(28.375025964299184, 59.4210991161039)",28.375025964299184,59.4210991161039,78.97,78.97,19,4.18,0
husavik,"(71.76164756442031, -11.283762094947434)",71.76164756442031,-11.283762094947434,72.31,72.31,71,13.69,20
praia,"(11.241678772859515, -21.758160552765787)",11.241678772859515,-21.758160552765787,64.4,64.4,72,4.7,0
yanam,"(16.453477556426037, 82.7438078372636)",16.453477556426037,82.7438078372636,82.39,82.39,85,13.13,56
kells,"(53.74237654092181, -7.066416928423195)",53.74237654092181,-7.066416928423195,47.73,50,100,2.24,0
puerto ayacucho,"(5.3794407917758065, -66.45723341375236)",5.3794407917758065,-66.45723341375236,82.12,82.12,83,3.85,8
denpasar,"(-12.026442763290575, 115.4251937234863)",-12.026442763290575,115.4251937234863,80.6,80.6,78,18.34,75
verkhoyansk,"(67.83678226017216, 132.57077440020333)",67.83678226017216,132.57077440020333,80.14,80.14,32,3.51,0
egvekinot,"(63.41492354825701, -177.17405832314597)",63.41492354825701,-177.17405832314597,48.37,48.37,67,5.97,36
havelock,"(34.5704834515948, -75.8693424600258)",34.5704834515948,-75.8693424600258,81.66,82.4,88,17.22,20
belaya gora,"(66.82143402451538, 147.8836249770157)",66.82143402451538,147.8836249770157,64.12,64.12,98,8.99,92
beboto,"(7.844676592314883, 17.215968025834684)",7.844676592314883,17.215968025834684,69.79,69.79,97,3.51,80
bestobe,"(52.49467422914671, 73.06898484894398)",52.49467422914671,73.06898484894398,69.07,69.07,72,5.3,48
wangqing,"(43.74028537661948, 130.28137043084547)",43.74028537661948,130.28137043084547,74.92,74.92,66,3.18,8
sinnamary,"(14.509500311503317, -48.87010848471883)",14.509500311503317,-48.87010848471883,79.15,79.15,100,5.97,44
miracatu,"(-24.158060098241393, -47.42073504050285)",-24.158060098241393,-47.42073504050285,58,58,78,2.17,12
storforshei,"(65.03352751156694, 15.297205648989404)",65.03352751156694,15.297205648989404,34.24,34.24,100,1.95,76
dire,"(13.030607702370062, -11.01234196239568)",13.030607702370062,-11.01234196239568,51.97,51.97,71,2.39,64
chicama,"(-11.217859784900853, -84.82053568136155)",-11.217859784900853,-84.82053568136155,64.4,64.4,88,6.93,90
kirkuk,"(35.52006638193433, 44.123531210353036)",35.52006638193433,44.123531210353036,70.51,70.51,50,2.62,0
monte patria,"(-30.561763691040255, -70.8499252565156)",-30.561763691040255,-70.8499252565156,64.4,64.4,100,2.17,0
laguna de perlas,"(12.936336755924813, -83.38912336307801)",12.936336755924813,-83.38912336307801,84.2,84.2,45,9.17,5
media luna,"(20.300103008522626, -77.57475704697208)",20.300103008522626,-77.57475704697208,69.44,69.8,94,3.36,1
vallenar,"(-28.706577120215087, -71.2752499516787)",-28.706577120215087,-71.2752499516787,41.89,41.89,85,1.72,8
axim,"(2.512995947963347, -2.7131132987808257)",2.512995947963347,-2.7131132987808257,76.72,76.72,100,6.87,92
san rafael,"(-35.38611352015824, -69.39429279217029)",-35.38611352015824,-69.39429279217029,71.41,71.41,96,8.66,48
totma,"(59.72331834529825, 42.56589667087306)",59.72331834529825,42.56589667087306,69.07,69.07,60,9.89,32
hambantota,"(2.8496040736609274, 86.0045156961379)",2.8496040736609274,86.0045156961379,78.61,78.61,100,10.56,24
yokadouma,"(3.639187900453976, 15.278126636602366)",3.639187900453976,15.278126636602366,66.64,66.64,98,2.28,68
coahuayana,"(3.624459053279793, -110.66949432087766)",3.624459053279793,-110.66949432087766,64.12,64.12,95,2.17,76
santa cruz del sur,"(20.908283001128055, -78.00103804836255)",20.908283001128055,-78.00103804836255,82.12,82.12,89,3.62,48
cockburn town,"(28.10357480139976, -71.24664695754737)",28.10357480139976,-71.24664695754737,58.63,58.63,67,5.86,0
kabinda,"(-6.086673555424511, 24.610659407588685)",-6.086673555424511,24.610659407588685,65.29,65.29,89,2.95,0
west bay,"(18.482492826678097, -83.22482737457666)",18.482492826678097,-83.22482737457666,90.34,91.4,52,14.99,5
mayya,"(61.058245366834, 130.1306252721928)",61.058245366834,130.1306252721928,69.8,69.8,56,4.47,0
avera,"(-20.371107360642497, -154.74284554196367)",-20.371107360642497,-154.74284554196367,79.61,82.4,83,4.7,1
evensk,"(64.43115498565058, 159.84167051749768)",64.43115498565058,159.84167051749768,55.66,55.66,71,8.99,20
tessalit,"(22.801694968829153, 0.026743801219026864)",22.801694968829153,0.026743801219026864,77.89,77.89,24,5.3,36
kilindoni,"(-7.968150063752802, 42.417519774318464)",-7.968150063752802,42.417519774318464,78.34,78.34,96,13.8,0
sosua,"(20.308598460230286, -70.14743447059202)",20.308598460230286,-70.14743447059202,73.27,75.2,78,10.45,75
san patricio,"(2.9223767519112727, -113.82097134913822)",2.9223767519112727,-113.82097134913822,71.41,71.41,96,8.66,48
rorvik,"(65.56406071809926, 10.819196672444093)",65.56406071809926,10.819196672444093,44.77,44.77,100,4.29,48
deputatskiy,"(71.6907525577171, 141.83294594756273)",71.6907525577171,141.83294594756273,71.86,71.86,26,4.63,0
herat,"(35.87062571749766, 62.66435755826001)",35.87062571749766,62.66435755826001,77,77,38,2.24,0
dalvik,"(66.26528045229017, -18.986922443857253)",66.26528045229017,-18.986922443857253,39.2,39.2,93,2.39,0
manta,"(0.46605654698400656, -84.0590806246978)",0.46605654698400656,-84.0590806246978,42.61,42.61,91,2.73,0
kerema,"(-9.124658921265265, 144.93455540369808)",-9.124658921265265,144.93455540369808,75.46,75.46,95,2.84,92
owando,"(-1.052750476458968, 16.819188421784276)",-1.052750476458968,16.819188421784276,69.61,69.61,97,2.17,44
homer,"(58.49533676750423, -150.2495297046687)",58.49533676750423,-150.2495297046687,52.65,53.6,76,13.87,90
gobabis,"(-21.316135994818325, 19.670510398774184)",-21.316135994818325,19.670510398774184,40.99,40.99,57,7.2,0
victor harbor,"(-39.01076878433682, 136.9854456064761)",-39.01076878433682,136.9854456064761,75.97,78.8,27,8.05,1
dali,"(27.696168721891482, 98.96977685105298)",27.696168721891482,98.96977685105298,71.95,71.95,74,1.95,92
alta floresta,"(-10.192326789582523, -57.936608503897205)",-10.192326789582523,-57.936608503897205,47.34,48.2,65,6.93,92
abnub,"(26.200270709106334, 27.88818175963044)",26.200270709106334,27.88818175963044,80.6,80.6,51,20.8,0
ruston,"(32.77374718392295, -92.44769898769613)",32.77374718392295,-92.44769898769613,86.31,87.8,65,7.43,1
orbetello,"(42.394437303174044, 10.903604497773415)",42.394437303174044,10.903604497773415,60.8,60.8,77,8.05,0
tyukalinsk,"(56.49082386952546, 72.0382361437141)",56.49082386952546,72.0382361437141,61.78,61.78,91,4.97,68
jonesboro,"(35.72364045123135, -90.70792327698166)",35.72364045123135,-90.70792327698166,83.82,86,88,6.93,1
lompoc,"(30.782242155223116, -125.88759542711647)",30.782242155223116,-125.88759542711647,67.23,77,87,4.7,90
qandala,"(11.521364728093289, 50.34097296775866)",11.521364728093289,50.34097296775866,78.25,78.25,67,4.18,76
quelimane,"(-19.578796691116366, 38.938109019344125)",-19.578796691116366,38.938109019344125,62.6,62.6,93,2.24,0
cukai,"(3.985235485633524, 104.09075360530636)",3.985235485633524,104.09075360530636,76.84,78.8,83,4.7,75
meridian,"(32.53185219165471, -88.40335480394307)",32.53185219165471,-88.40335480394307,86,86,66,3.36,1
gold coast,"(-26.404243645763664, 158.49197212828926)",-26.404243645763664,158.49197212828926,75.24,80.6,88,2.95,1
lumphat,"(14.044594621750235, 106.45555459337038)",14.044594621750235,106.45555459337038,76.18,76.18,95,2.84,92
cordoba,"(-30.922388111789303, -63.863146760711345)",-30.922388111789303,-63.863146760711345,50.8,50.8,81,2.17,44
coquimbo,"(-28.860314232215188, -73.36647577604423)",-28.860314232215188,-73.36647577604423,48.2,48.2,87,3.36,0
linjiang,"(41.69557747658581, 126.8619864544487)",41.69557747658581,126.8619864544487,74.29,74.29,76,3.74,12
mazagao,"(-0.517630930428453, -51.57900055813886)",-0.517630930428453,-51.57900055813886,75.2,75.2,100,3.36,90
mao,"(16.53696022324064, 15.310379748828609)",16.53696022324064,15.310379748828609,73.42,75.2,94,10.45,40
berlevag,"(81.559606079665, 31.08640314120092)",81.559606079665,31.08640314120092,44.59,44.59,95,14.81,68
buraydah,"(26.303413059611145, 43.345344736769334)",26.303413059611145,43.345344736769334,80.6,80.6,36,4.7,0
dukat,"(61.809413487667655, 154.15890547620597)",61.809413487667655,154.15890547620597,39.46,39.46,91,1.72,0
cuiluan,"(47.701030256583635, 128.3867583288228)",47.701030256583635,128.3867583288228,68.98,68.98,59,4.29,8
mapiripan,"(3.2509540827927736, -71.72722255457784)",3.2509540827927736,-71.72722255457784,72.49,72.49,95,2.84,32
mudon,"(15.964937002381873, 98.14628224482357)",15.964937002381873,98.14628224482357,75.01,75.01,100,4.18,92
itupiranga,"(-6.033499436190112, -50.10455034213402)",-6.033499436190112,-50.10455034213402,78.8,78.8,69,2.24,0
nan,"(18.612610752753596, 100.81917046304699)",18.612610752753596,100.81917046304699,77,77,100,3.36,75
rafaela,"(-29.79158675092519, -61.90397072940816)",-29.79158675092519,-61.90397072940816,47.92,47.92,65,13.8,0
oga,"(39.849554750662975, 139.02226415784793)",39.849554750662975,139.02226415784793,71.41,71.41,98,4.97,92
semey,"(49.144566960140054, 78.43435167809525)",49.144566960140054,78.43435167809525,74.47,74.47,58,5.08,0
russellville,"(35.35185652270654, -93.57340257337842)",35.35185652270654,-93.57340257337842,84.2,84.2,66,3.36,1
okulovka,"(58.32240176515779, 33.01783032483584)",58.32240176515779,33.01783032483584,53.41,53.41,98,14.7,88
